Project,Beaufort Sea 2008 and 2010,,,,,,,,,,,,,,,,,,,,,,,,,,,,,,,,,,,,,,,,,,,,,,,,,,,,,,,,,,,,,,,,,,,,
Region,Mackenzie Bay,,,,,,,,,,,,,,,,,,,,,,,,,,,,,,,,,,,,,,,,,,,,,,,,,,,,,,,,,,,,,,,,,,,,
Leader,Solomon Steve,,,,,,,,,,,,,,,,,,,,,,,,,,,,,,,,,,,,,,,,,,,,,,,,,,,,,,,,,,,,,,,,,,,,
Lat,69.0457,68.8662,71.7441,69.3233,69.4752,69.4752,69.4582,69.347,69.3331,69.4582,69.3331,69.3327,69.5205,69.347,69.5205,69.4815,69.4495,69.4496,69.3801,69.3801,69.4496,69.4694,69.4534,69.4549,69.4549,69.4694,69.4936,69.4936,69.5051,69.5051,69.5299,69.5299,69.5226,69.5027,69.5027,69.4815,69.4683,69.4683,69.449,69.449,69.4387,69.4387,69.4323,69.4323,69.5259,69.5259,69.5171,69.5171,69.513,69.513,69.5124,69.5124,69.5045,69.5045,69.4683,69.4486,69.4486,69.513,69.4683,69.448,69.448,69.5092,69.5092,69.4793,69.4793,69.4606,69.4606,69.4506,69.4506
Long,-135.03,-135.8808,-135.7238,-135.6423,-136.0839,-136.0839,-135.9894,-135.6889,-135.655,-135.9894,-135.655,-135.6577,-136.2433,-135.6889,-136.2433,-136.0847,-135.8853,-135.9525,-135.34,-135.34,-135.9525,-136.0358,-135.9983,-135.8599,-135.8599,-136.0358,-136.1485,-136.1485,-136.1746,-136.1746,-136.2433,-136.2433,-136.2236,-136.1548,-136.1548,-136.0847,-136.0412,-136.0412,-135.9557,-135.9557,-135.9283,-135.9283,-135.915,-135.915,-136.2436,-136.2436,-136.2179,-136.2179,-136.2038,-136.2038,-136.2169,-136.2169,-136.1797,-136.1797,-136.0409,-135.9509,-135.9509,-136.2038,-136.0409,-135.9514,-135.9514,-136.1178,-136.1178,-136.0561,-136.0561,-135.9921,-135.9921,-135.953,-135.953
Time (GMT),19:40:00,16:51:00,18:55:00,19:00:00,20:50:00,21:34:00,21:44:00,22:30:00,23:39:00,20:28:00,21:30:00,19:20:00,1:20:00,22:53:00,20:00:00,22:27:00,19:21:00,19:19:00,17:19:00,17:19:00,19:19:00,23:06:00,22:36:00,21:49:00,21:49:00,23:06:00,16:48:00,16:48:00,18:06:00,18:06:00,20:17:00,20:17:00,20:07:00,22:16:00,22:16:00,22:27:00,22:36:00,22:36:00,22:51:00,22:51:00,23:18:00,23:18:00,23:32:00,23:32:00,18:26:00,18:26:00,18:47:00,18:47:00,18:46:00,18:56:00,19:21:00,19:21:00,19:38:00,19:38:00,20:11:00,20:32:00,20:32:00,18:56:00,20:11:00,15:42:00,15:42:00,23:03:00,23:03:00,23:26:00,23:26:00,23:34:00,23:34:00,23:46:00,23:46:00
Date,21-May-08,22-May-08,27-May-08,22-May-08,18-May-10,30-May-10,18-May-10,29-May-10,18-May-10,30-May-10,29-May-10,30-May-10,31-May-10,18-May-10,18-May-10,20-Aug-10,19-Aug-10,19-Aug-10,19-Aug-10,19-Aug-10,19-Aug-10,19-Aug-10,19-Aug-10,19-Aug-10,19-Aug-10,19-Aug-10,20-Aug-10,20-Aug-10,20-Aug-10,20-Aug-10,20-Aug-10,20-Aug-10,20-Aug-10,20-Aug-10,20-Aug-10,20-Aug-10,20-Aug-10,20-Aug-10,20-Aug-10,20-Aug-10,20-Aug-10,20-Aug-10,20-Aug-10,20-Aug-10,21-Aug-10,21-Aug-10,21-Aug-10,21-Aug-10,21-Aug-10,21-Aug-10,21-Aug-10,21-Aug-10,21-Aug-10,21-Aug-10,21-Aug-10,21-Aug-10,21-Aug-10,21-Aug-10,21-Aug-10,22-Aug-10,22-Aug-10,23-Aug-10,23-Aug-10,23-Aug-10,23-Aug-10,23-Aug-10,23-Aug-10,23-Aug-10,23-Aug-10
Event,-790,-797,-808,-803,-1225,-1257,-1226,-1248,-1229,-1256,-1247,-1255,-1258,-1228,-1224,-1307,-1295,-1293,-1292,-1292,-1293,-1300,-1291,-1296,-1296,-1300,-1301,-1301,-1303,-1303,-1304,-1304,-1305,-1306,-1306,-1307,-1308,-1308,-1309,-1309,-1310,-1310,-1311,-1311,-1312,-1312,-1313,-1313,-1314,-1314,-1315,-1315,-1316,-1316,-1317,-1318,-1318,-1314,-1317,-1319,-1319,-1326,-1326,-1328,-1328,-1330,-1330,-1331,-1331
StartDepth,1,1,1,1,1,1,1,1,1,1,1,1,1,1,1,4.1,1,1,10,1,2.3,1,1,1.9,1,3.5,1,3.5,1,5.2,1,6.7,1,1,5.3,1,1,3.5,1,2.1,1,1.8,1,1.7,1,6.5,1,5,5,5,1,5,1,4.8,3.5,1,2.3,1,1,1,2.5,1,5,1,3.5,1,2.7,1,2
EndDepth,1,1,1,1,1,1,1,1,1,1,1,1,1,1,1,4.1,1,1,10,1,2.3,1,1,1.9,1,3.5,1,3.5,1,5.2,1,6.7,1,1,5.3,1,1,3.5,1,2.1,1,1.8,1,1.7,1,6.5,1,5,5,5,1,5,1,4.8,3.5,1,2.3,1,1,1,2.5,1,5,1,3.5,1,2.7,1,2
Sounding,11.9,5.8,14.5,13.5,3.56,3.82,2.85,7.8,6.75,2.79,5,2.49,6.5,8.02,6.38,4.1,2,2.3,10,10,2.3,3.5,2.8,1.9,1.9,3.5,3.5,3.5,5.2,5.2,6.7,6.7,6.2,5.3,5.3,4.1,3.5,3.5,2.1,2.1,1.8,1.8,1.7,1.7,6.5,6.5,5,5,5,5,5,5,4.8,4.8,3.5,2.3,2.3,5,3.5,2.5,2.5,5,5,3.5,3.5,2.7,2.7,2,2
Analysis,A3,A3,A3,A3,A3,A3,A3,A3,A3,A3,A3,A3,A3,A3,A3,A3,A3,A3,A3,A3,A3,A3,A3,A3,A3,A3,A3,A3,A3,A3,A3,A3,A3,A3,A3,A3,A3,A3,A3,A3,A3,A3,A3,A3,A3,A3,A3,A3,A3,A3,A3,A3,A3,A3,A3,A3,A3,A3,A3,A3,A3,A3,A3,A3,A3,A3,A3,A3,A3
Collection,C1,C1,C1,C1,C1,C1,C1,C1,C1,C1,C1,C1,C1,C1,C1,C1,C1,C1,C1,C1,C1,C1,C1,C1,C1,C1,C1,C1,C1,C1,C1,C1,C1,C1,C1,C1,C1,C1,C1,C1,C1,C1,C1,C1,C1,C1,C1,C1,C1,C1,C1,C1,C1,C1,C1,C1,C1,C1,C1,C1,C1,C1,C1,C1,C1,C1,C1,C1,C1
Preservation,P2,P2,P2,P2,P2,P2,P2,P2,P2,P2,P2,P2,P2,P2,P2,P2,P2,P2,P2,P2,P2,P2,P2,P2,P2,P2,P2,P2,P2,P2,P2,P2,P2,P2,P2,P2,P2,P2,P2,P2,P2,P2,P2,P2,P2,P2,P2,P2,P2,P2,P2,P2,P2,P2,P2,P2,P2,P2,P2,P2,P2,P2,P2,P2,P2,P2,P2,P2,P2
Storage,S2,S2,S2,S2,S2,S2,S2,S2,S2,S2,S2,S2,S2,S2,S2,S2,S2,S2,S2,S2,S2,S2,S2,S2,S2,S2,S2,S2,S2,S2,S2,S2,S2,S2,S2,S2,S2,S2,S2,S2,S2,S2,S2,S2,S2,S2,S2,S2,S2,S2,S2,S2,S2,S2,S2,S2,S2,S2,S2,S2,S2,S2,S2,S2,S2,S2,S2,S2,S2
Sample Type,I,I,I,I,I,I,I,I,I,I,I,I,I,I,I,I,I,I,I,I,I,I,I,I,I,I,I,I,I,I,I,I,I,I,I,I,I,I,I,I,I,I,I,I,I,I,I,I,I,I,I,I,I,I,I,I,I,I,I,I,I,I,I,I,I,I,I,I,I
Ancillary Data,N,N,N,N,N,N,N,N,N,N,N,N,N,N,N,N,N,N,N,N,N,N,N,N,N,N,N,N,N,N,N,N,N,N,N,N,N,N,N,N,N,N,N,N,N,N,N,N,N,N,N,N,N,N,N,N,N,N,N,N,N,N,N,N,N,N,N,N,N
Units,ppm,ppm,ppm,ppm,ppm,ppm,ppm,ppm,ppm,ppm,ppm,ppm,ppm,ppm,ppm,ppm,ppm,ppm,ppm,ppm,ppm,ppm,ppm,ppm,ppm,ppm,ppm,ppm,ppm,ppm,ppm,ppm,ppm,ppm,ppm,ppm,ppm,ppm,ppm,ppm,ppm,ppm,ppm,ppm,ppm,ppm,ppm,ppm,ppm,ppm,ppm,ppm,ppm,ppm,ppm,ppm,ppm,ppm,ppm,ppm,ppm,ppm,ppm,ppm,ppm,ppm,ppm,ppm,ppm
IDs,306346,306384,306386,306388,356094,356094,356095,356096,356135,356135,356138,356143,356145,356154,356156,16378,16533,16535,16536,16537,16538,16539,16541,16542,16543,16588,16589,16591,16592,16593,16594,16595,16596,16597,16598,16599,16854,16855,16856,16857,16859,16861,16862,16863,16865,16866,16867,16868,16869,16871,16872,16873,16874,16875,16877,16878,16879,16881,16882,16884,16885,16888,16889,16891,16892,16893,16894,16895,16896
Core #,N/A,N/A,N/A,N/A,N/A,N/A,N/A,N/A,N/A,N/A,N/A,N/A,N/A,N/A,N/A,N/A,N/A,N/A,N/A,N/A,N/A,N/A,N/A,N/A,N/A,N/A,N/A,N/A,N/A,N/A,N/A,N/A,N/A,N/A,N/A,N/A,N/A,N/A,N/A,N/A,N/A,N/A,N/A,N/A,N/A,N/A,N/A,N/A,N/A,N/A,N/A,N/A,N/A,N/A,N/A,N/A,N/A,N/A,N/A,N/A,N/A,N/A,N/A,N/A,N/A,N/A,N/A,N/A,N/A
Filter #,14632,14638,14655,14625,16471,16557,16472,16584,16474,16386,16381,16553,16396,16473,16470,16378,16533,16535,16536,16537,16538,16539,16541,16542,16543,16588,16589,16591,16592,16593,16594,16595,16596,16597,16598,16599,16854,16855,16856,16857,16859,16861,16862,16863,16865,16866,16867,16868,16869,16871,16872,16873,16874,16875,16877,16878,16879,16881,16882,16884,16885,16888,16889,16891,16892,16893,16894,16895,16896
Filter SPM (g/m^3),0.56,0.57,0.51,0.44,0.1,0.08,0.1,0.26,0.22,0.14,0.21,0.41,0.05,0.25,0.05,0.06,0.06,0.06,0.1,0.07,0.1,0.13,0.12,0.11,0.06,0.25,0.05,0.21,0.02,0.09,0.01,0.08,0.02,0.01,0.05,0.02,0.02,0.09,0.06,0.16,0.03,0.11,0.03,0.09,0.01,0.08,0.03,0.04,2.1,3.1,0.02,0.05,0.04,0.04,0.15,0.09,0.06,0.01,,,,,,,,,,,
Comment,,,,,,,,,,,,,,,,,,,,,,,,,,,,,,,,,,,,,,,,,,,,,,,,,,,,,,,,,,,,,,,,,,,,,
Diameter,,,,,,,,,,,,,,,,,,,,,,,,,,,,,,,,,,,,,,,,,,,,,,,,,,,,,,,,,,,,,,,,,,,,,
0.76,2.0185,1.9419,1.8938,1.5779,1.1435,0.5125,0.8759,0.6235,1.395,0.6922,0.844,0.4902,0.693,1.6045,0.2932,0.6781,0.3889,0.3169,0.4527,0.2819,0.2484,0.5279,0.5559,0.6524,0.3683,1.6313,0.0092,1.3242,0.2878,0.7014,0.0734,0.63,0.1139,0.4565,0.1247,0.1702,0.068,0.7498,0.4556,1.857,0.3679,0.6369,0.2203,0.6269,0.0613,0.5041,0.3075,0.3147,14.2544,15.6388,0.1205,0.4223,0.1896,0.0069,0.8218,0.4898,0.4467,0.1241,0.8736,0.377,0.9864,0.1643,0.473,0.1907,0.2878,0.1913,0.1909,0.2751,0.2395
0.87,2.094,2.1084,1.9736,1.6206,1.0756,0.5874,0.9074,0.716,1.3261,0.77,0.9426,0.5628,0.721,1.5965,0.3046,0.737,0.4399,0.3615,0.5056,0.3127,0.2825,0.6196,0.6343,0.747,0.4085,1.8214,0.0098,1.5108,0.3374,0.7744,0.0835,0.7173,0.1338,0.5292,0.1434,0.1971,0.0749,0.8084,0.5018,2.077,0.4146,0.7088,0.2452,0.7055,0.07,0.5727,0.35,0.3493,16.009,17.7206,0.1414,0.4794,0.2112,0.0073,0.9107,0.5459,0.4811,0.1486,0.9856,0.3881,1.1152,0.1813,0.5201,0.2204,0.3374,0.2153,0.211,0.3008,0.2693
1,2.3041,2.3579,2.0548,1.7332,1.1269,0.667,0.9569,0.8349,1.4251,0.8869,1.0816,0.6351,0.8279,1.7381,0.3205,0.8202,0.4917,0.4095,0.5555,0.347,0.3178,0.7439,0.7266,0.8416,0.4571,2.0983,0.0097,1.7271,0.3845,0.8709,0.0962,0.8227,0.1568,0.6103,0.1621,0.2297,0.0844,0.8748,0.5754,2.3913,0.466,0.7808,0.2658,0.7995,0.0813,0.6388,0.3896,0.3825,18.3232,19.7008,0.1594,0.5383,0.2332,0.0081,1.0258,0.6137,0.5375,0.1747,1.1019,0.4176,1.2372,0.205,0.5697,0.2441,0.3845,0.24,0.2378,0.3321,0.3023
1.15,2.5161,2.6078,2.2311,1.8502,1.2082,0.7547,1.0317,0.9671,1.5766,0.9989,1.2339,0.7231,0.9723,1.8706,0.3321,0.9151,0.5519,0.4583,0.6285,0.383,0.3543,0.8725,0.8194,0.9388,0.5093,2.3062,0.0103,1.9679,0.4415,0.9863,0.1089,0.9417,0.183,0.6811,0.1837,0.26,0.0946,0.9842,0.6641,2.6764,0.5157,0.8777,0.2874,0.8737,0.0911,0.7146,0.4376,0.4314,19.4151,21.8541,0.1834,0.5966,0.2644,0.0089,1.1138,0.6754,0.5875,0.1968,1.2032,0.4558,1.3839,0.2316,0.6198,0.2775,0.4415,0.2704,0.2605,0.3616,0.3369
1.32,2.5994,2.7085,2.3029,1.9135,1.2493,0.8396,1.0723,1.0935,1.634,1.1004,1.3067,0.7868,1.103,1.9591,0.3486,1.0105,0.6013,0.5053,0.6928,0.4293,0.3821,0.9857,0.8948,1.0306,0.5572,2.5744,0.0104,2.1914,0.4891,1.0577,0.1212,1.0382,0.2066,0.769,0.2023,0.2936,0.104,1.07,0.7193,3.1417,0.5619,0.9688,0.3069,0.9407,0.1022,0.7813,0.4755,0.4692,20.9999,24.1063,0.2017,0.6608,0.2899,0.0094,1.2354,0.7451,0.6376,0.2144,1.3163,0.4821,1.5161,0.2531,0.6784,0.3037,0.4891,0.2866,0.2866,0.3983,0.3654
1.52,2.6663,2.7494,2.3243,1.9992,1.2733,0.9077,1.1252,1.1883,1.7528,1.1672,1.4054,0.8394,1.1646,1.9758,0.3336,1.0861,0.6407,0.5514,0.7573,0.4596,0.4207,1.0851,0.9981,1.122,0.6003,2.771,0.0111,2.4954,0.5431,1.1464,0.1291,1.1466,0.226,0.8484,0.2244,0.3192,0.113,1.1338,0.761,3.4112,0.5753,1.0127,0.3144,1.0141,0.1096,0.8607,0.5168,0.4912,22.4471,26.8028,0.2182,0.7229,0.3111,0.0096,1.336,0.7909,0.6897,0.2396,1.441,0.5083,1.6314,0.2759,0.7194,0.3262,0.5431,0.3157,0.3121,0.4176,0.3967
1.74,2.7007,2.7605,2.4758,2.0466,1.3081,0.9426,1.1253,1.2753,1.8417,1.2299,1.4762,0.8483,1.1982,2.0382,0.3243,1.1534,0.6759,0.5829,0.7996,0.4774,0.4481,1.1171,1.0215,1.1857,0.634,3.0745,0.0111,2.6847,0.5665,1.2379,0.1348,1.2533,0.2414,0.8323,0.2346,0.3474,0.1226,1.213,0.807,3.6905,0.5695,1.0916,0.3448,1.0805,0.1149,0.8561,0.5213,0.5438,24.4513,28.31,0.2269,0.7798,0.3251,0.0092,1.4169,0.8309,0.7126,0.2484,1.5433,0.5276,1.7734,0.2974,0.7258,0.3399,0.5665,0.3116,0.3178,0.4396,0.4182
2,2.7247,2.6616,2.503,2.0148,1.3272,0.9945,1.1815,1.2719,1.8785,1.268,1.5282,0.8441,1.0782,1.989,0.3127,1.1809,0.7047,0.5893,0.8726,0.5122,0.4911,1.195,1.0578,1.1831,0.6758,3.27,0.0107,2.9366,0.6083,1.2586,0.1417,1.2947,0.2488,0.882,0.2435,0.3703,0.1238,1.2821,0.8302,3.9932,0.5702,1.1575,0.329,1.1194,0.117,0.9014,0.5379,0.5353,26.905,31.4202,0.2304,0.8054,0.3241,0.0095,1.5504,0.8756,0.7338,0.2529,1.6507,0.5724,1.9044,0.3035,0.7653,0.3595,0.6083,0.327,0.3279,0.4387,0.4324
2.3,2.7324,2.7399,2.531,1.9911,1.3065,0.981,1.1524,1.3478,1.8609,1.2672,1.4788,0.8685,0.9623,2.0743,0.2701,1.1306,0.6949,0.6275,0.8949,0.5169,0.5179,1.2379,1.0604,1.2269,0.6714,3.3686,0.0106,2.9805,0.6302,1.3075,0.1396,1.301,0.2717,0.875,0.245,0.3732,0.1359,1.2643,0.8892,4.0093,0.5467,1.2194,0.335,1.1822,0.1176,0.8802,0.5224,0.5719,28.1077,34.7979,0.2331,0.8045,0.3129,0.0098,1.6138,0.9307,0.7554,0.255,1.7307,0.4937,2.0213,0.3134,0.7438,0.3573,0.6302,0.3361,0.3172,0.4756,0.4571
2.64,2.8092,2.5369,2.7467,2.1672,1.2936,0.9706,1.2375,1.2127,1.9568,1.3075,1.4225,0.8276,0.8478,2.111,0.2388,1.0852,0.6831,0.6272,0.9391,0.5448,0.5384,1.2371,1.0804,1.2647,0.6615,3.3853,0.0113,2.8916,0.6009,1.3161,0.1415,1.2989,0.2586,0.8177,0.24,0.3528,0.1282,1.254,0.8779,3.9412,0.4855,1.2088,0.3217,1.1997,0.1148,0.8622,0.5107,0.5392,29.761,36.0662,0.2212,0.7919,0.3292,0.0094,1.6087,0.9353,0.8163,0.2398,1.7971,0.4964,2.1807,0.3076,0.7351,0.3537,0.6009,0.3114,0.3104,0.4471,0.4416
3.03,2.786,2.5362,2.7046,2.0521,1.2138,1.0673,1.0895,1.3225,1.8398,1.3207,1.4624,0.9142,0.6721,2.2479,0.242,0.9775,0.6729,0.6243,0.8828,0.5817,0.574,1.244,1.1711,1.2425,0.6309,3.5721,0.0103,2.8975,0.5583,1.3602,0.1254,1.1862,0.2492,0.7341,0.2107,0.3239,0.1329,1.2152,0.8723,3.9641,0.4521,1.1415,0.3096,1.1759,0.1094,0.8269,0.4305,0.4984,30.4615,35.8916,0.2002,0.7559,0.2826,0.0094,1.6222,0.9751,0.8049,0.2128,1.7785,0.4933,2.2475,0.2782,0.6817,0.3219,0.5583,0.301,0.2998,0.4344,0.4349
3.48,2.6513,2.1664,2.586,1.7421,1.113,0.955,1.0936,1.3203,1.8148,1.4814,1.5046,0.9505,0.6007,1.9729,0.2194,0.9205,0.6125,0.5737,0.9368,0.5892,0.521,1.3492,1.0049,1.1702,0.591,3.1581,0.0105,2.471,0.5556,1.0492,0.1127,1.0386,0.2273,0.6222,0.2004,0.3095,0.1161,1.0323,0.9066,3.4877,0.3728,1.0415,0.2764,0.9923,0.0985,0.7959,0.3889,0.4375,30.6359,35.2903,0.1928,0.6666,0.2149,0.0069,1.6523,0.9025,0.713,0.1941,1.8148,0.4532,2.262,0.2725,0.7908,0.2778,0.5556,0.2301,0.2325,0.4126,0.3929
4,2.7014,2.2688,2.7452,2.1297,1.0959,0.8558,0.9874,1.4232,1.7451,1.4341,1.6103,0.9031,0.4563,2.1755,0.2038,0.7589,0.5545,0.583,0.8857,0.5761,0.4963,1.2948,1.0054,1.1623,0.5604,3.1773,0.0075,2.4611,0.5164,1.0798,0.0913,0.8032,0.2063,0.5282,0.1779,0.2662,0.1097,0.9551,0.8086,2.849,0.3441,1.0553,0.2419,0.9394,0.094,0.7577,0.303,0.3581,30.8074,38.1988,0.144,0.5666,0.2068,0.0069,1.4924,0.8803,0.7162,0.145,1.8283,0.4244,2.3524,0.2247,0.7272,0.2289,0.5164,0.2258,0.2103,0.3572,0.3867
4.59,2.9081,2.2723,2.9947,2.4202,1.0536,0.8602,0.8809,1.3288,2.004,1.5375,1.5566,0.8833,0.4061,2.0658,0.2242,0.5544,0.5544,0.488,0.8672,0.635,0.4951,1.2435,0.9363,1.0387,0.472,2.962,0.0085,2.1424,0.4932,0.8355,0.0891,0.7614,0.1706,0.3691,0.1604,0.2253,0.0874,0.8068,0.6925,2.1962,0.2418,0.9241,0.2293,0.8543,0.0976,0.5786,0.2641,0.3173,26.329,35.8111,0.1138,0.5148,0.1254,0.0073,1.4016,0.7903,0.6639,0.1274,1.4344,0.3382,2.4385,0.2046,0.5775,0.184,0.4932,0.1554,0.1719,0.2801,0.3686
5.28,2.8697,2.2777,3.1183,2.4199,0.8479,0.8397,0.7065,1.5993,1.6917,1.4498,1.4598,0.9907,0.3279,2.2429,0.2404,0.4085,0.4382,0.4341,0.8056,0.6056,0.4778,1.1984,0.9267,0.8928,0.4552,2.3323,0.0066,1.9585,0.4748,0.6816,0.0656,0.5854,0.1663,0.2741,0.1221,0.1745,0.065,0.7493,0.5117,1.624,0.1833,0.9031,0.1746,0.7546,0.0893,0.484,0.1985,0.2816,24.2759,33.782,0.0947,0.3987,0.1113,0.0071,1.1424,0.7021,0.6257,0.0919,1.2567,0.3561,2.7446,0.1764,0.5918,0.1502,0.4748,0.14,0.1417,0.192,0.3101
6.06,2.9477,2.2472,3.2358,2.458,0.7392,0.7906,0.6393,1.6663,1.7719,1.4787,1.5037,1.0917,0.2524,1.9866,0.2228,0.3193,0.3895,0.4068,0.8319,0.6394,0.4823,1.0537,0.9181,0.8541,0.4014,2.109,0.0059,1.791,0.4474,0.5539,0.0533,0.4873,0.1496,0.2139,0.1024,0.1424,0.0526,0.6126,0.4738,1.1758,0.1305,0.7614,0.1558,0.6506,0.0885,0.4608,0.1557,0.2375,22.7704,34.0812,0.0797,0.3607,0.0915,0.0064,1.087,0.6732,0.5503,0.0675,1.1808,0.3055,2.7518,0.1413,0.5437,0.1178,0.4474,0.1186,0.1172,0.1651,0.2854
6.96,2.9877,2.2708,3.327,2.4969,0.6612,0.7052,0.5767,1.811,1.8521,1.5166,1.5824,1.2246,0.1975,1.9842,0.2346,0.2561,0.3293,0.3842,0.8939,0.672,0.4795,0.9707,0.9547,0.818,0.355,1.8831,0.005,1.6882,0.4299,0.4546,0.0432,0.4051,0.1423,0.1625,0.09,0.111,0.042,0.4921,0.3904,0.8686,0.0992,0.6201,0.1399,0.5372,0.0899,0.4312,0.1217,0.1933,21.2678,32.5581,0.0673,0.3101,0.0745,0.0058,0.9933,0.6278,0.4824,0.0524,1.0821,0.2532,2.7022,0.1072,0.4966,0.094,0.4299,0.1018,0.094,0.1422,0.286
8,3.0483,2.2637,3.324,2.4846,0.5646,0.6111,0.4927,2.0271,1.9333,1.4852,1.6665,1.3423,0.148,2.0024,0.2488,0.2024,0.2723,0.354,0.9128,0.7018,0.4673,0.8838,0.9914,0.7916,0.3038,1.5773,0.0047,1.56,0.4201,0.3664,0.0338,0.3209,0.1292,0.1241,0.0791,0.0817,0.033,0.4031,0.3167,0.64,0.0776,0.4902,0.1279,0.4138,0.0895,0.3948,0.0916,0.1549,19.1957,30.4874,0.0545,0.2607,0.0595,0.0057,0.8922,0.5659,0.4016,0.0412,0.9184,0.1994,2.4656,0.0831,0.4479,0.0713,0.4201,0.0845,0.0758,0.1181,0.277
9.19,3.1011,2.362,3.397,2.4661,0.4477,0.4776,0.409,2.147,2.0251,1.4833,1.7415,1.4926,0.114,1.957,0.2536,0.1622,0.2112,0.3397,0.9487,0.7081,0.4834,0.8312,1.0488,0.728,0.2597,1.2528,0.0037,1.3778,0.4317,0.2836,0.027,0.2505,0.1232,0.0917,0.0709,0.0643,0.0231,0.3204,0.2444,0.469,0.0621,0.3619,0.1116,0.2994,0.0917,0.3614,0.0697,0.119,16.5519,27.5422,0.0445,0.2202,0.0485,0.0045,0.7635,0.4875,0.3202,0.0321,0.7843,0.1554,2.1556,0.0645,0.4253,0.0536,0.4317,0.07,0.0616,0.0952,0.284
10.56,3.2537,2.3201,3.4232,2.5773,0.3621,0.3961,0.309,2.3203,2.0185,1.3167,1.8822,1.6212,0.0893,1.8952,0.2511,0.1304,0.1763,0.3239,1.0011,0.7141,0.4753,0.6834,1.1547,0.6749,0.2103,1.0364,0.0035,1.2362,0.4117,0.2267,0.0214,0.2017,0.1203,0.0744,0.0648,0.0431,0.0176,0.2634,0.1846,0.3365,0.0451,0.258,0.0889,0.2116,0.091,0.3337,0.0554,0.093,13.3807,24.241,0.0363,0.1645,0.0432,0.0042,0.6226,0.409,0.2424,0.0264,0.6452,0.1132,1.675,0.0507,0.4219,0.0401,0.4117,0.0535,0.0481,0.0777,0.2743
12.13,3.2663,2.3175,3.3829,2.5993,0.3073,0.3303,0.2386,2.4611,2.0335,1.2065,1.9844,1.8651,0.0752,1.8453,0.2567,0.1043,0.1333,0.3117,1.0045,0.7244,0.5177,0.5935,1.2864,0.6401,0.1676,0.7976,0.0035,1.0808,0.3873,0.1737,0.018,0.1781,0.1159,0.0594,0.0579,0.0393,0.0117,0.2229,0.1385,0.2438,0.0343,0.2039,0.0706,0.1511,0.0852,0.2979,0.0445,0.068,11.2083,20.938,0.0304,0.1422,0.0355,0.0038,0.5027,0.3386,0.1768,0.0223,0.4849,0.0778,1.3185,0.0392,0.373,0.0305,0.3873,0.0424,0.0372,0.0667,0.2771
13.93,3.1812,2.4362,3.659,2.6248,0.253,0.2399,0.1933,2.7328,2.0109,1.0087,1.9969,1.9399,0.0621,1.9371,0.2677,0.0892,0.1083,0.325,1.017,0.8034,0.5653,0.4484,1.3806,0.5986,0.1293,0.727,0.0038,1.0405,0.3633,0.1487,0.0162,0.152,0.1137,0.0498,0.0567,0.0395,0.0121,0.222,0.1143,0.1846,0.0284,0.1375,0.0489,0.1006,0.0748,0.2738,0.0323,0.0545,8.9543,17.7104,0.0243,0.1076,0.0325,0.0051,0.3954,0.2812,0.1252,0.0173,0.3569,0.0527,0.8968,0.0359,0.3671,0.0248,0.3633,0.0333,0.0379,0.0568,0.2705
16,3.291,2.4656,3.3589,2.6,0.2245,0.2141,0.136,2.7017,1.8542,0.8153,2.132,2.0731,0.0717,1.7933,0.2478,0.0815,0.1039,0.3343,1.0238,0.8004,0.6141,0.3981,1.5487,0.5193,0.1287,0.6545,0.0032,1.0657,0.2988,0.1255,0.0168,0.1413,0.1167,0.053,0.057,0.0357,0.0098,0.241,0.0998,0.1665,0.0274,0.11,0.0416,0.0684,0.0672,0.2661,0.0329,0.0444,6.4868,13.5626,0.0194,0.0733,0.0301,0.0054,0.3337,0.2209,0.095,0.0159,0.2301,0.0357,0.6658,0.0325,0.3269,0.0223,0.2988,0.0245,0.0282,0.0446,0.2368
18.38,3.158,2.3627,3.3554,2.48,0.1875,0.1535,0.1718,2.8395,1.7362,0.6198,2.1435,2.3473,0.0473,1.784,0.2015,0.0936,0.0944,0.3193,0.9544,0.7921,0.6837,0.3602,1.6994,0.5582,0.1209,0.5172,0.0043,0.875,0.2534,0.1221,0.0174,0.1299,0.1152,0.0643,0.0615,0.0402,0.0111,0.198,0.0869,0.1127,0.0276,0.0767,0.0357,0.0676,0.0596,0.2122,0.0334,0.0421,5.1256,11.3145,0.0196,0.0691,0.0272,0.0053,0.2241,0.1986,0.0703,0.0127,0.2148,0.0267,0.461,0.0296,0.3286,0.0194,0.2534,0.0189,0.033,0.0502,0.2527
21.11,3.4864,2.4099,2.5851,2.6238,0.167,0.1371,0.1058,3.0542,1.6047,0.5314,2.1424,2.6669,0.0724,1.4191,0.1868,0.1008,0.1309,0.3124,0.8604,0.7236,0.7364,0.3172,1.8287,0.4958,0.1194,0.4382,0.0029,0.8155,0.2163,0.0966,0.0148,0.1014,0.1023,0.054,0.0461,0.0338,0.0082,0.1989,0.0622,0.099,0.0274,0.0653,0.02,0.0432,0.0428,0.1468,0.0308,0.0373,3.1394,6.5768,0.0166,0.0654,0.0237,0.0053,0.1969,0.1876,0.0673,0.0106,0.1311,0.0257,0.4135,0.0338,0.1937,0.0175,0.2163,0.0199,0.0294,0.0528,0.2221
24.25,3.1075,2.2791,2.8446,2.6001,0.1573,0.0851,0.0986,3.2645,1.5357,0.3606,2.0751,3.2401,0.0758,1.4378,0.1246,0.0901,0.0842,0.2509,0.8034,0.638,0.8837,0.2702,1.8592,0.3979,0.1168,0.4032,0.0021,0.7949,0.1657,0.0651,0.0143,0.0712,0.0964,0.058,0.0528,0.0351,0.0105,0.2357,0.0664,0.0908,0.0298,0.0523,0.0286,0.0428,0.0221,0.098,0.0319,0.0175,2.1409,2.7096,0.0164,0.0347,0.02,0.0035,0.1406,0.1751,0.0462,0.0057,0.1943,0.0249,0.2269,0.0215,0.1557,0.0202,0.1657,0.0108,0.0283,0.0439,0.1887
27.86,2.8405,2.1044,2.7138,2.4869,0.1648,0.0831,0.082,3.2048,1.2144,0.4686,1.7238,3.0365,0.0835,1.2216,0.1311,0.0939,0.1087,0.2271,0.7355,0.7187,0.9617,0.2998,1.539,0.343,0.0862,0.258,,0.6437,0.1313,0.056,0.0108,0.0753,0.0646,0.0647,0.0433,0.0305,0.0118,0.1614,0.0636,0.1508,0.0329,0.0524,0.0204,,0.0341,0.0693,0.0192,0.0522,2.1968,2.2455,0.0148,0.0378,0.0274,0.0059,0.189,0.1657,0.0466,0.0063,0.1634,0.027,0.1656,0.0157,0.1344,0.0139,0.1313,0.0145,0.0277,0.0306,0.174
32,2.4086,2.1712,2.4414,2.4814,0.1623,0.0991,0.1286,2.9401,0.7042,0.4064,1.4246,3.8454,0.1264,0.9961,0.1215,0.0602,0.1435,0.1594,0.6685,0.559,1.21,0.1874,0.9181,0.4601,0.16,0.2649,,0.4356,0.1053,0.0566,0.0159,0.0544,0.0553,0.0511,0.0256,0.0258,0.0067,0.158,0.0565,,0.0276,,0.0208,,0.0121,,,0.0438,,,0.0159,,0.0183,,0.1268,0.2161,0.0582,,0.1002,0.036,0.1593,0.0227,0.069,0.0132,0.1053,,0.0214,0.0257,0.1651
36.76,2.6346,1.6864,2.295,1.3583,0.1185,0.155,0.1503,2.5292,0.5788,0.2999,1.0492,3.5172,0.0863,1.1487,0.116,0.0632,0.093,0.1518,0.4626,0.3262,1.4023,0.1455,0.497,0.2485,0.1475,0.3071,,0.2784,0.0859,0.0598,0.0083,0.0621,0.0436,0.0349,0.0271,0.0299,,0.1051,,,0.0247,,,,,,,,,,0.0145,,,,,0.3106,0.0777,,,0.0337,0.247,,,,0.0859,,,,0.0908
42.22,1.2499,1.7374,2.1459,1.9303,0.1576,,,2.8172,0.5319,0.2676,1.1097,2.8425,,0.8176,0.1359,0.0814,0.1627,,0.2854,0.3103,1.7315,,0.3083,0.3254,0.1397,,,,0.1019,,,,,,0.0258,,,0.1512,,,,,,,,,,,,,,,,,,0.2858,,,,,,,,,0.1019,,,,0.1238
48.5,1.9756,1.9766,1.9771,1.7078,,,,2.0137,0.6958,,0.7175,2.897,,,0.0565,,0.122,,0.3111,0.3733,1.5398,,,0.2544,0.163,,,,,,,,,,,,,,,,,,,,,,,,,,,,,,,0.2348,,,,,,,,,,,,,
55.72,1.8492,1.5389,1.7276,1.4605,,,,,,,,,,,,,,,,,0.967,,,,,,,,,,,,,,,,,,,,,,,,,,,,,,,,,,,,,,,,,,,,,,,,
64,1.2152,1.4318,0.8465,0.771,,,,1.948,,,,2.4645,,,,,,,,,0.5891,,,,,,,,,,,,,,,,,,,,,,,,,,,,,,,,,,,,,,,,,,,,,,,,
73.52,0.9796,1.2618,0.7879,0.6798,,,,1.1323,,,,1.428,,,,,,,,,,,,,,,,,,,,,,,,,,,,,,,,,,,,,,,,,,,,,,,,,,,,,,,,,
84.45,0.5653,0.997,,,,,,,,,,,,,,,,,,,,,,,,,,,,,,,,,,,,,,,,,,,,,,,,,,,,,,,,,,,,,,,,,,,
97.01,0.2535,0.3725,,,,,,,,,,,,,,,,,,,,,,,,,,,,,,,,,,,,,,,,,,,,,,,,,,,,,,,,,,,,,,,,,,,
111.43,,,,,,,,,,,,,,,,,,,,,,,,,,,,,,,,,,,,,,,,,,,,,,,,,,,,,,,,,,,,,,,,,,,,,
128,,,,,,,,,,,,,,,,,,,,,,,,,,,,,,,,,,,,,,,,,,,,,,,,,,,,,,,,,,,,,,,,,,,,,
147.03,,,,,,,,,,,,,,,,,,,,,,,,,,,,,,,,,,,,,,,,,,,,,,,,,,,,,,,,,,,,,,,,,,,,,
168.9,,,,,,,,,,,,,,,,,,,,,,,,,,,,,,,,,,,,,,,,,,,,,,,,,,,,,,,,,,,,,,,,,,,,,
194.01,,,,,,,,,,,,,,,,,,,,,,,,,,,,,,,,,,,,,,,,,,,,,,,,,,,,,,,,,,,,,,,,,,,,,
222.86,,,,,,,,,,,,,,,,,,,,,,,,,,,,,,,,,,,,,,,,,,,,,,,,,,,,,,,,,,,,,,,,,,,,,
256,,,,,,,,,,,,,,,,,,,,,,,,,,,,,,,,,,,,,,,,,,,,,,,,,,,,,,,,,,,,,,,,,,,,,
294.07,,,,,,,,,,,,,,,,,,,,,,,,,,,,,,,,,,,,,,,,,,,,,,,,,,,,,,,,,,,,,,,,,,,,,
337.79,,,,,,,,,,,,,,,,,,,,,,,,,,,,,,,,,,,,,,,,,,,,,,,,,,,,,,,,,,,,,,,,,,,,,
388.02,,,,,,,,,,,,,,,,,,,,,,,,,,,,,,,,,,,,,,,,,,,,,,,,,,,,,,,,,,,,,,,,,,,,,
445.72,,,,,,,,,,,,,,,,,,,,,,,,,,,,,,,,,,,,,,,,,,,,,,,,,,,,,,,,,,,,,,,,,,,,,
512,,,,,,,,,,,,,,,,,,,,,,,,,,,,,,,,,,,,,,,,,,,,,,,,,,,,,,,,,,,,,,,,,,,,,
588.13,,,,,,,,,,,,,,,,,,,,,,,,,,,,,,,,,,,,,,,,,,,,,,,,,,,,,,,,,,,,,,,,,,,,,
675.59,,,,,,,,,,,,,,,,,,,,,,,,,,,,,,,,,,,,,,,,,,,,,,,,,,,,,,,,,,,,,,,,,,,,,
,,,,,,,,,,,,,,,,,,,,,,,,,,,,,,,,,,,,,,,,,,,,,,,,,,,,,,,,,,,,,,,,,,,,,
% < 16 um,,,,,,,,,,,,,,,,,,,,,,,,,,,,,,,,,,,,,,,,,,,,,,,,,,,,,,,,,,,,,,,,,,,,,
% < 5 um,,,,,,,,,,,,,,,,,,,,,,,,,,,,,,,,,,,,,,,,,,,,,,,,,,,,,,,,,,,,,,,,,,,,,
